CREATE DATABASE  IF NOT EXISTS `marketplace` /*!40100 DEFAULT CHARACTER SET utf8mb3 COLLATE utf8mb3_bin */ /*!80016 DEFAULT ENCRYPTION='N' */;
USE `marketplace`;
-- MySQL dump 10.13  Distrib 8.0.40, for Win64 (x86_64)
--
-- Host: localhost    Database: marketplace
-- ------------------------------------------------------
-- Server version	8.0.40

/*!40101 SET @OLD_CHARACTER_SET_CLIENT=@@CHARACTER_SET_CLIENT */;
/*!40101 SET @OLD_CHARACTER_SET_RESULTS=@@CHARACTER_SET_RESULTS */;
/*!40101 SET @OLD_COLLATION_CONNECTION=@@COLLATION_CONNECTION */;
/*!50503 SET NAMES utf8 */;
/*!40103 SET @OLD_TIME_ZONE=@@TIME_ZONE */;
/*!40103 SET TIME_ZONE='+00:00' */;
/*!40014 SET @OLD_UNIQUE_CHECKS=@@UNIQUE_CHECKS, UNIQUE_CHECKS=0 */;
/*!40014 SET @OLD_FOREIGN_KEY_CHECKS=@@FOREIGN_KEY_CHECKS, FOREIGN_KEY_CHECKS=0 */;
/*!40101 SET @OLD_SQL_MODE=@@SQL_MODE, SQL_MODE='NO_AUTO_VALUE_ON_ZERO' */;
/*!40111 SET @OLD_SQL_NOTES=@@SQL_NOTES, SQL_NOTES=0 */;

--
-- Table structure for table `company`
--

DROP TABLE IF EXISTS `company`;
/*!40101 SET @saved_cs_client     = @@character_set_client */;
/*!50503 SET character_set_client = utf8mb4 */;
CREATE TABLE `company` (
  `id_company` int unsigned NOT NULL AUTO_INCREMENT,
  `name` varchar(255) COLLATE utf8mb3_bin DEFAULT NULL,
  PRIMARY KEY (`id_company`),
  UNIQUE KEY `UKniu8sfil2gxywcru9ah3r4ec5` (`name`)
) ENGINE=InnoDB AUTO_INCREMENT=21 DEFAULT CHARSET=utf8mb3 COLLATE=utf8mb3_bin;
/*!40101 SET character_set_client = @saved_cs_client */;

--
-- Dumping data for table `company`
--

LOCK TABLES `company` WRITE;
/*!40000 ALTER TABLE `company` DISABLE KEYS */;
INSERT INTO `company` VALUES (15,'Advanced Robotics Inc.'),(18,'Alpha Technologies'),(19,'BlueWave Solutions'),(4,'Bright Future Technologies'),(10,'DataStream Solutions'),(17,'Digital Horizons'),(9,'EcoEnergy Systems'),(2,'Global Innovations'),(3,'Green Solutions Inc.'),(11,'Innovative Dynamics'),(8,'NextGen Software'),(13,'ProTech Industries'),(14,'PureTech Labs'),(7,'Quantum Technologies'),(12,'Skyline Global'),(16,'SmartCity Innovations'),(5,'SolarWorks Ltd.'),(1,'TechCorp'),(20,'Titan Global Enterprises'),(6,'Visionary Enterprises');
/*!40000 ALTER TABLE `company` ENABLE KEYS */;
UNLOCK TABLES;

--
-- Table structure for table `order`
--

DROP TABLE IF EXISTS `order`;
/*!40101 SET @saved_cs_client     = @@character_set_client */;
/*!50503 SET character_set_client = utf8mb4 */;
CREATE TABLE `order` (
  `id_order` int unsigned NOT NULL AUTO_INCREMENT,
  `buying_price` double DEFAULT NULL,
  `date_placed` datetime(6) DEFAULT NULL,
  `order_option` tinyint DEFAULT NULL,
  `quantity` int DEFAULT NULL,
  `selling_price` double DEFAULT NULL,
  `status` tinyint DEFAULT NULL,
  `id_company` int unsigned DEFAULT NULL,
  `id_share` int unsigned DEFAULT NULL,
  `id_user` int unsigned DEFAULT NULL,
  PRIMARY KEY (`id_order`),
  KEY `FKgrv30i83k8cljjveuhv8auk1u` (`id_company`),
  KEY `FKhapf83iake01l7c4evoki79xe` (`id_share`),
  KEY `FKgjl21ndpbn5ndl6qwbx14y8wq` (`id_user`),
  CONSTRAINT `FKgjl21ndpbn5ndl6qwbx14y8wq` FOREIGN KEY (`id_user`) REFERENCES `user` (`id_user`),
  CONSTRAINT `FKgrv30i83k8cljjveuhv8auk1u` FOREIGN KEY (`id_company`) REFERENCES `company` (`id_company`),
  CONSTRAINT `FKhapf83iake01l7c4evoki79xe` FOREIGN KEY (`id_share`) REFERENCES `share` (`id_share`),
  CONSTRAINT `order_chk_1` CHECK ((`order_option` between 0 and 1)),
  CONSTRAINT `order_chk_2` CHECK ((`status` between 0 and 1))
) ENGINE=InnoDB DEFAULT CHARSET=utf8mb3 COLLATE=utf8mb3_bin;
/*!40101 SET character_set_client = @saved_cs_client */;

--
-- Dumping data for table `order`
--

LOCK TABLES `order` WRITE;
/*!40000 ALTER TABLE `order` DISABLE KEYS */;
/*!40000 ALTER TABLE `order` ENABLE KEYS */;
UNLOCK TABLES;

--
-- Table structure for table `role`
--

DROP TABLE IF EXISTS `role`;
/*!40101 SET @saved_cs_client     = @@character_set_client */;
/*!50503 SET character_set_client = utf8mb4 */;
CREATE TABLE `role` (
  `id_role` int unsigned NOT NULL AUTO_INCREMENT,
  `role_type` tinyint DEFAULT NULL,
  PRIMARY KEY (`id_role`),
  CONSTRAINT `role_chk_1` CHECK ((`role_type` between 0 and 1))
) ENGINE=InnoDB AUTO_INCREMENT=3 DEFAULT CHARSET=utf8mb3 COLLATE=utf8mb3_bin;
/*!40101 SET character_set_client = @saved_cs_client */;

--
-- Dumping data for table `role`
--

LOCK TABLES `role` WRITE;
/*!40000 ALTER TABLE `role` DISABLE KEYS */;
INSERT INTO `role` VALUES (1,0),(2,1);
/*!40000 ALTER TABLE `role` ENABLE KEYS */;
UNLOCK TABLES;

--
-- Table structure for table `share`
--

DROP TABLE IF EXISTS `share`;
/*!40101 SET @saved_cs_client     = @@character_set_client */;
/*!50503 SET character_set_client = utf8mb4 */;
CREATE TABLE `share` (
  `id_share` int unsigned NOT NULL AUTO_INCREMENT,
  `price` double DEFAULT NULL,
  `shares_count` int DEFAULT NULL,
  `id_company` int unsigned DEFAULT NULL,
  `id_user` int unsigned DEFAULT NULL,
  PRIMARY KEY (`id_share`),
  KEY `FKd4b0eojrcahwmjdas2llehqs0` (`id_company`),
  KEY `FKnqn2pgnajbp9l5axv8jx8ii8u` (`id_user`),
  CONSTRAINT `FKd4b0eojrcahwmjdas2llehqs0` FOREIGN KEY (`id_company`) REFERENCES `company` (`id_company`),
  CONSTRAINT `FKnqn2pgnajbp9l5axv8jx8ii8u` FOREIGN KEY (`id_user`) REFERENCES `user` (`id_user`)
) ENGINE=InnoDB AUTO_INCREMENT=1621 DEFAULT CHARSET=utf8mb3 COLLATE=utf8mb3_bin;
/*!40101 SET character_set_client = @saved_cs_client */;

--
-- Dumping data for table `share`
--

LOCK TABLES `share` WRITE;
/*!40000 ALTER TABLE `share` DISABLE KEYS */;
INSERT INTO `share` VALUES (1,168.9577780655531,2,1,78),(2,170.81684696295622,1,1,69),(3,170.56045204731583,5,1,21),(4,172.72240971185573,4,1,71),(5,171.90351955245913,2,1,16),(6,171.05991986536236,5,1,40),(7,171.3500465848385,4,1,32),(8,169.26824805877862,5,1,36),(9,169.07561017217193,5,1,14),(10,168.8039024673237,4,1,65),(11,172.27201499315697,4,1,58),(12,171.73695169412065,4,1,7),(13,169.61677690480784,1,1,31),(14,169.44100542625972,3,1,8),(15,169.13572492874246,2,1,57),(16,171.79723232578027,1,1,26),(17,170.1995105082796,4,1,11),(18,169.08130648944172,2,1,51),(19,169.76152027170315,5,1,41),(20,169.683550126075,3,1,64),(21,172.0023591041396,4,1,27),(22,172.62661962571966,4,1,70),(23,169.0199529443817,4,1,1),(24,171.61050914594156,2,1,12),(25,171.9941971973561,3,1,5),(26,170.9587420696249,5,1,38),(27,170.2265333034278,3,1,43),(28,169.56641671592573,1,1,15),(29,172.40039875645073,2,1,2),(30,169.46487980110282,4,1,24),(31,170.81943041367168,3,1,72),(32,169.05726651381727,4,1,53),(33,171.54443568891347,3,1,47),(34,170.98543172865666,2,1,68),(35,169.16663761055318,3,1,45),(36,172.6169842599093,4,1,44),(37,171.73109661821388,2,1,4),(38,172.5884830714256,2,1,52),(39,171.6966680114693,1,1,35),(40,172.4468511115631,1,1,19),(41,171.8109228193915,3,1,6),(42,170.27709257223532,4,1,67),(43,168.8892650975828,2,1,46),(44,171.9161129866471,1,1,25),(45,170.57475328599676,5,1,74),(46,172.18304632913848,1,1,80),(47,171.75381799531064,2,1,33),(48,169.30393333576885,3,1,28),(49,168.8951046550943,5,1,62),(50,169.7949666981503,2,1,30),(51,172.20455716794794,4,1,60),(52,170.48457629922163,2,1,13),(53,170.9676557625637,3,1,34),(54,169.54779327199861,1,1,61),(55,171.34208430575853,2,1,9),(56,169.5850560406089,2,1,3),(57,171.20899649993757,1,1,73),(58,172.34047782905142,3,1,48),(59,171.386769902318,3,1,56),(60,171.24697976281678,3,1,18),(61,169.1212159903845,2,1,23),(62,171.36252849392923,5,1,42),(63,171.38493096195094,4,1,22),(64,169.20898411952348,3,1,10),(65,169.2124812018956,2,1,39),(66,169.5485944605969,2,1,66),(67,169.51489448525436,3,1,50),(68,169.63754415313747,5,1,59),(69,169.0256647556989,5,1,79),(70,170.03187097390563,3,1,54),(71,170.73596202086173,4,1,55),(72,171.0540532571918,4,1,17),(73,171.32196779354575,3,1,75),(74,170.55751236122492,2,1,20),(75,172.71531977608043,4,1,37),(76,170.8544675957466,4,1,77),(77,169.0285123753777,3,1,76),(78,168.80974988420854,2,1,63),(79,171.6900035969647,3,1,49),(80,171.25149721987597,2,1,29),(81,169.9106979249209,2,1,81),(82,136.56620275275665,3,2,39),(83,135.83454304817735,1,2,17),(84,135.93357205082108,2,2,33),(85,139.5658768196608,1,2,9),(86,139.19025631730236,2,2,40),(87,138.10619553587742,3,2,2),(88,135.96407589969817,2,2,7),(89,138.4723600486367,1,2,47),(90,139.42159593556008,5,2,42),(91,138.34621757659218,1,2,74),(92,137.3834798054298,5,2,13),(93,139.47617355080882,5,2,37),(94,136.4602707687039,1,2,68),(95,136.74029550555107,5,2,52),(96,139.3580351810916,5,2,4),(97,136.54433465155645,2,2,31),(98,135.9338524657526,4,2,29),(99,136.44787548997354,4,2,65),(100,139.527864424429,2,2,34),(101,138.8614725530054,5,2,72),(102,137.9974689884653,2,2,8),(103,138.84125369103785,1,2,76),(104,136.15516885499937,2,2,36),(105,138.15389623050692,2,2,53),(106,139.65412855587525,5,2,71),(107,136.9875525280314,5,2,16),(108,137.29936816367,3,2,75),(109,137.92198824303767,3,2,22),(110,136.1537370407569,5,2,57),(111,135.762770725796,2,2,19),(112,138.82090851846888,3,2,55),(113,137.56558036143434,3,2,62),(114,138.1848153437701,1,2,50),(115,137.7424239271502,1,2,26),(116,136.9324858892758,2,2,32),(117,139.13094166678113,1,2,35),(118,137.8101209691623,5,2,49),(119,136.5867295184416,5,2,51),(120,137.76229271130654,5,2,58),(121,137.92517221516505,5,2,3),(122,138.0325769181515,1,2,25),(123,136.29938018007573,1,2,41),(124,138.7537789115618,3,2,80),(125,138.64743978319373,1,2,69),(126,137.01500741227207,4,2,21),(127,136.69471247320425,1,2,18),(128,137.1729619779158,4,2,48),(129,139.52739220057438,2,2,20),(130,137.0075943152688,2,2,27),(131,137.80305200544336,1,2,70),(132,136.687699623336,5,2,73),(133,136.22751103974747,5,2,15),(134,135.83959248479093,3,2,43),(135,138.8602297622302,3,2,81),(136,136.7711932081052,4,2,77),(137,138.3839247920375,5,2,79),(138,139.47309520118108,4,2,24),(139,136.984251245309,3,2,59),(140,137.09948596923758,5,2,10),(141,136.49255294762082,1,2,54),(142,138.85042008627875,1,2,66),(143,139.59688627111592,3,2,23),(144,139.3825123155542,5,2,61),(145,138.69518225678283,4,2,60),(146,138.53440060837843,5,2,63),(147,135.99507083604652,2,2,12),(148,138.1004935697659,4,2,30),(149,139.6214730354795,1,2,46),(150,137.07142638683632,4,2,6),(151,137.04849950194685,3,2,56),(152,139.00982858618306,2,2,64),(153,137.97373072935358,3,2,78),(154,138.4168804054102,4,2,1),(155,137.5651707919434,1,2,14),(156,138.32023606890954,4,2,28),(157,137.61484053346823,1,2,67),(158,138.15558191540214,1,2,45),(159,138.132959008896,4,2,11),(160,138.1004421746713,4,2,38),(161,137.58683205729054,3,2,44),(162,135.817361096891,5,2,5),(163,147.08224043191737,5,3,52),(164,148.91532112223103,2,3,13),(165,148.38780905142158,3,3,20),(166,147.631328310936,4,3,57),(167,145.83960690789252,3,3,40),(168,146.05901708500573,2,3,27),(169,146.60261671517975,4,3,9),(170,146.8153755544828,4,3,65),(171,146.7972418460641,2,3,81),(172,148.24821285630748,4,3,79),(173,145.98601783948948,5,3,69),(174,147.33698359374497,3,3,19),(175,146.36425388108435,3,3,24),(176,146.49264903362115,2,3,5),(177,146.76124051577904,4,3,78),(178,145.66601064647875,5,3,21),(179,145.64860891388875,3,3,22),(180,148.51039343070124,5,3,62),(181,148.39722403922542,5,3,6),(182,147.68782437232645,5,3,8),(183,149.23934219011267,4,3,53),(184,149.36642476126264,5,3,2),(185,146.43281130754798,1,3,54),(186,147.96657392165014,2,3,71),(187,149.26136401973545,2,3,16),(188,146.35558371231917,3,3,36),(189,147.87093157727693,4,3,56),(190,148.46794033728492,5,3,4),(191,147.34328154318754,5,3,47),(192,146.72886444591734,4,3,35),(193,148.110993699789,1,3,75),(194,147.21064849944713,1,3,58),(195,145.5625019171646,2,3,74),(196,148.3433017586404,2,3,12),(197,149.07705478052364,2,3,46),(198,146.72833250622298,5,3,72),(199,149.01270704604167,4,3,25),(200,146.9607998059608,4,3,68),(201,146.28979756225291,1,3,55),(202,145.98892277079102,1,3,33),(203,145.91175703875518,1,3,23),(204,146.5934484140875,3,3,3),(205,146.37585119089752,1,3,39),(206,147.494608415393,3,3,28),(207,146.35583519655333,4,3,30),(208,149.29294548866133,2,3,49),(209,146.34992169115193,1,3,66),(210,147.56614226645323,3,3,61),(211,146.83836213701517,1,3,63),(212,148.84798576095437,2,3,34),(213,147.5724760305337,2,3,48),(214,147.13283756971424,4,3,32),(215,147.08752128483846,5,3,50),(216,147.16165473575742,1,3,10),(217,148.39474677772458,2,3,29),(218,147.4735835677605,3,3,7),(219,145.91932076106525,3,3,15),(220,147.24427507662446,1,3,59),(221,149.1575033587785,5,3,64),(222,145.99161131413092,5,3,60),(223,148.62661963840657,1,3,11),(224,148.82656547014946,1,3,76),(225,148.6017744082962,2,3,70),(226,148.90110784365456,4,3,80),(227,145.58862175268362,3,3,67),(228,148.06166843353398,5,3,43),(229,146.25741158071438,1,3,18),(230,149.23912790182277,2,3,1),(231,145.63765270493062,2,3,41),(232,147.56837429466353,1,3,31),(233,147.56546378146072,2,3,44),(234,146.4111327061678,1,3,73),(235,148.29573239397945,4,3,38),(236,147.5349846136489,1,3,51),(237,149.1166889922518,3,3,45),(238,146.98990939162633,1,3,26),(239,146.0152026753205,2,3,42),(240,148.55450618836602,5,3,14),(241,148.39257452626794,1,3,37),(242,147.11014281584312,1,3,77),(243,145.4356090570913,1,3,17),(244,82.93329932779226,5,4,70),(245,80.893962525666,3,4,78),(246,79.52827291315738,1,4,30),(247,83.13240916082235,1,4,36),(248,82.99870919429142,4,4,38),(249,80.92906872908863,3,4,12),(250,80.87880279788595,2,4,68),(251,79.52976173891616,4,4,13),(252,83.02490520920388,3,4,71),(253,82.09498327562474,2,4,4),(254,79.71627577276504,2,4,49),(255,79.63773483157999,4,4,34),(256,80.89790584247478,5,4,53),(257,81.83514713792914,2,4,29),(258,81.49214390165562,4,4,54),(259,80.49081030171324,2,4,21),(260,79.6018974410959,1,4,25),(261,81.84097410776809,4,4,67),(262,80.14570095851741,5,4,44),(263,81.77518999821682,2,4,48),(264,79.76328177991546,1,4,58),(265,80.61214974821343,1,4,43),(266,80.7453879938348,1,4,73),(267,81.34593047569284,3,4,14),(268,81.56094529683266,2,4,26),(269,80.74644135580115,1,4,45),(270,80.49293975371712,1,4,28),(271,80.9393898939613,5,4,79),(272,80.86189822548181,4,4,23),(273,82.99916136985505,5,4,3),(274,83.0431264828322,4,4,62),(275,82.79020725979461,3,4,32),(276,80.14542871955506,4,4,50),(277,83.21610570744579,5,4,33),(278,81.57013145650842,1,4,17),(279,80.94755962732172,3,4,9),(280,82.58715700621424,2,4,42),(281,81.92635772617255,1,4,11),(282,81.26015614590123,5,4,60),(283,80.3386918031059,5,4,59),(284,81.5907745669807,2,4,64),(285,80.38984804029724,3,4,5),(286,81.90131351126938,5,4,22),(287,83.0994717419151,4,4,27),(288,82.27120793322301,3,4,8),(289,81.87351955536363,1,4,40),(290,80.63641822880476,3,4,55),(291,82.87026500546557,3,4,80),(292,81.28737502897101,5,4,56),(293,80.46139313516369,3,4,69),(294,82.0895607654575,1,4,16),(295,80.56653469587366,5,4,19),(296,82.56199524749539,1,4,72),(297,83.30730233872899,5,4,47),(298,81.00851912800299,4,4,52),(299,80.9405340196024,4,4,41),(300,81.56399373388139,5,4,15),(301,82.37158496045859,1,4,39),(302,80.00477671128561,1,4,66),(303,82.8540509482933,4,4,81),(304,80.9073033695681,3,4,1),(305,80.73912911113365,4,4,24),(306,81.33132512534628,2,4,61),(307,82.82066767717191,3,4,18),(308,81.1672192983447,3,4,51),(309,81.92788949246791,1,4,77),(310,82.01320613249194,3,4,31),(311,79.72519489199561,2,4,65),(312,81.3483152475322,2,4,35),(313,79.43386105277747,2,4,75),(314,81.82202742614415,1,4,37),(315,79.801114674144,1,4,57),(316,80.86018715154343,4,4,46),(317,82.32754229987782,4,4,76),(318,81.03614459905127,2,4,74),(319,81.49479095405417,3,4,2),(320,80.86035497620107,3,4,20),(321,83.16267448888217,4,4,7),(322,79.8129819710541,1,4,10),(323,82.75617357818874,1,4,63),(324,80.28644031899253,3,4,6),(325,159.75473542940122,3,5,72),(326,161.58351364958477,2,5,55),(327,158.476649854565,3,5,54),(328,159.2198709439944,3,5,40),(329,160.11654291552185,5,5,26),(330,159.88542775054967,4,5,76),(331,160.93047106301978,1,5,18),(332,160.84845565610382,3,5,24),(333,159.47808952758572,4,5,32),(334,158.376600028008,2,5,57),(335,159.10004362602018,3,5,41),(336,159.9205593668674,5,5,67),(337,158.09295195983373,3,5,62),(338,161.63902594792063,1,5,51),(339,159.3630743433764,4,5,78),(340,160.25381080902642,3,5,17),(341,161.2315547029176,3,5,38),(342,159.9238812911245,2,5,2),(343,160.41593165698606,3,5,27),(344,161.13262119695548,5,5,80),(345,160.83944003390465,4,5,69),(346,160.26400690486093,1,5,33),(347,159.15549138645508,5,5,10),(348,161.28063738155967,5,5,68),(349,158.1080586747689,4,5,1),(350,159.45716365607473,3,5,75),(351,159.27453780663825,1,5,56),(352,158.67933840722276,2,5,25),(353,159.5922919108751,1,5,5),(354,160.78558696061083,2,5,44),(355,159.48866260114613,5,5,58),(356,160.86741735928194,4,5,4),(357,158.94716410046965,4,5,49),(358,158.17582791586517,2,5,31),(359,159.40111829286275,1,5,15),(360,160.76765582525255,3,5,14),(361,160.6428421758712,4,5,30),(362,159.64967239522565,1,5,12),(363,159.66187972700752,4,5,61),(364,158.84161170650697,1,5,39),(365,158.87469741510066,5,5,70),(366,158.172863244937,2,5,21),(367,159.22964660297302,3,5,42),(368,158.86214556110417,2,5,52),(369,160.7240905444039,5,5,16),(370,158.61170206196388,3,5,28),(371,161.32959500846403,5,5,22),(372,158.15162093493774,5,5,50),(373,159.54327794954114,3,5,73),(374,158.1341441016284,4,5,74),(375,160.43175439048693,2,5,29),(376,160.0290827371246,2,5,65),(377,161.31959232331846,1,5,59),(378,158.15501921003516,5,5,9),(379,159.7588642030284,2,5,20),(380,159.64985036934377,5,5,43),(381,159.89247410187423,3,5,66),(382,160.37528082511935,2,5,46),(383,159.1598479767626,2,5,6),(384,159.55031654473248,3,5,19),(385,161.51217861745238,3,5,60),(386,159.5909948390767,1,5,79),(387,158.53454669624702,1,5,34),(388,158.11132991583943,1,5,71),(389,158.18871785295735,3,5,13),(390,159.17490705600497,1,5,8),(391,158.43347833358163,4,5,45),(392,158.84489847551842,1,5,64),(393,158.1189649454442,1,5,53),(394,161.32515513649753,5,5,48),(395,158.23704463986232,2,5,36),(396,159.84811665636502,5,5,47),(397,161.42151557657058,1,5,3),(398,160.63279656224915,1,5,81),(399,160.88319830891467,1,5,63),(400,159.84971476309192,3,5,11),(401,160.3630168576181,3,5,35),(402,159.98059729900868,3,5,77),(403,160.09001527901356,2,5,23),(404,161.83049122930368,3,5,37),(405,160.82390034834847,2,5,7),(406,81.2249017386383,2,6,70),(407,83.99725533075134,3,6,57),(408,81.20954774299213,4,6,15),(409,84.15061571555059,5,6,7),(410,81.42175857705365,4,6,21),(411,84.65034729469721,5,6,26),(412,81.35008134323786,5,6,42),(413,82.85220760565312,3,6,28),(414,82.38255327518196,5,6,58),(415,84.80168691007151,5,6,23),(416,83.75819281024805,4,6,35),(417,82.51924608562467,2,6,59),(418,82.01638737392986,4,6,78),(419,81.97270709385656,4,6,29),(420,81.3944099471628,5,6,44),(421,84.46125662738562,1,6,65),(422,84.05810702721737,2,6,22),(423,83.77341799954344,5,6,2),(424,82.68253823402513,4,6,67),(425,82.89120272975387,5,6,13),(426,84.99928483152246,5,6,55),(427,81.26781603803937,4,6,38),(428,82.82292148335209,4,6,40),(429,84.30111400078002,1,6,33),(430,81.88134338908715,2,6,25),(431,84.04439536666125,2,6,27),(432,83.76076883214678,1,6,1),(433,82.42848878540477,5,6,81),(434,82.92277977896669,1,6,66),(435,84.715821424583,5,6,10),(436,82.62889291392436,1,6,3),(437,82.51654039477067,5,6,76),(438,82.8837355338358,2,6,20),(439,82.52587984965018,1,6,5),(440,82.87142801114312,3,6,19),(441,83.92421694835487,3,6,47),(442,83.01685537722838,2,6,53),(443,81.05305079630664,3,6,49),(444,82.0414898484006,3,6,16),(445,83.49454218475556,3,6,50),(446,83.10487794167175,3,6,63),(447,83.81299788111858,2,6,34),(448,81.6114554698864,4,6,56),(449,84.43047272279722,2,6,18),(450,83.32162658477374,3,6,14),(451,82.9589476394244,5,6,74),(452,84.88724425429915,3,6,62),(453,81.18194228908709,5,6,45),(454,81.54041061339365,2,6,32),(455,81.27888516419087,3,6,17),(456,81.81281856971616,2,6,48),(457,82.87933145333307,2,6,30),(458,83.50622208026087,4,6,73),(459,82.24875181948462,3,6,11),(460,84.31075913059347,1,6,46),(461,84.4580536144924,1,6,69),(462,81.42692160085507,2,6,79),(463,84.91592127027798,3,6,4),(464,83.7393540403314,2,6,41),(465,82.54456090743858,1,6,24),(466,84.65275855804526,3,6,52),(467,82.68918454971836,5,6,72),(468,83.65383371516342,3,6,12),(469,84.59163121140031,5,6,71),(470,82.0194689934264,5,6,8),(471,84.46982966007863,1,6,64),(472,83.62434216289833,1,6,36),(473,81.27357725409495,3,6,68),(474,84.13174937769945,3,6,37),(475,82.68018061122187,3,6,75),(476,82.35860908072362,1,6,54),(477,83.83080859962638,4,6,39),(478,84.55251641650104,2,6,43),(479,81.27570025176762,4,6,61),(480,82.46324214481604,5,6,31),(481,84.37624887492242,1,6,6),(482,81.91794616039145,3,6,51),(483,82.34649043519117,3,6,60),(484,82.2017427585982,1,6,80),(485,84.06925513138681,3,6,77),(486,84.98523594235728,3,6,9),(487,40.708974985781374,2,7,17),(488,38.99322901006264,3,7,47),(489,40.39732135185488,2,7,33),(490,38.862808339489646,1,7,43),(491,42.08707501534696,2,7,71),(492,38.405374742770334,2,7,78),(493,40.52133653913981,1,7,36),(494,40.75616922451363,1,7,38),(495,40.79268802607425,1,7,80),(496,40.74516804243853,1,7,63),(497,38.96019415513817,3,7,11),(498,40.15850479343817,5,7,22),(499,41.08729957002546,4,7,10),(500,38.32753897588808,1,7,16),(501,38.82537689924055,5,7,31),(502,38.4096129809888,1,7,61),(503,38.95691609180979,5,7,68),(504,39.231264423534576,2,7,59),(505,41.20823703700948,2,7,60),(506,38.25889807595956,5,7,48),(507,39.17663241921628,5,7,45),(508,40.96295221208387,2,7,81),(509,40.07774977630964,1,7,29),(510,40.259681630930544,3,7,24),(511,39.000169473273644,3,7,56),(512,39.76085141408738,3,7,50),(513,41.683962093658195,2,7,30),(514,38.67899013604007,4,7,49),(515,40.396086453556116,3,7,26),(516,41.58048831416903,3,7,13),(517,41.778893493162876,5,7,23),(518,40.85343637853158,3,7,27),(519,38.30267609485803,2,7,37),(520,39.67554103863729,1,7,77),(521,39.770736061867694,5,7,18),(522,40.60316274658662,1,7,55),(523,39.151158138717804,2,7,57),(524,41.44916039036712,3,7,6),(525,41.64022885341453,3,7,69),(526,40.26449926384845,3,7,52),(527,41.82183826636516,2,7,39),(528,41.64140269693129,3,7,53),(529,41.698952702488896,2,7,12),(530,40.9500387610903,4,7,9),(531,39.8480630085748,2,7,70),(532,39.11334041130694,1,7,64),(533,41.87440721407878,4,7,75),(534,38.56177852045781,4,7,76),(535,41.353225441261245,2,7,67),(536,42.101041045567435,2,7,19),(537,38.17000717058568,1,7,51),(538,38.57585123475253,4,7,35),(539,39.86942208194822,3,7,7),(540,40.8937364141952,4,7,62),(541,41.46096389751189,5,7,21),(542,38.330702532745036,3,7,41),(543,39.50278379599033,3,7,58),(544,40.928422533872826,5,7,20),(545,41.22832075135809,3,7,54),(546,39.06639337465988,5,7,34),(547,40.22765588140587,1,7,8),(548,40.21361537605025,4,7,44),(549,41.76958121786389,3,7,25),(550,38.80055308769518,4,7,15),(551,38.44484657342116,2,7,28),(552,40.161326723257524,3,7,66),(553,39.60932175539365,5,7,46),(554,39.743404430049885,3,7,72),(555,39.050749652960164,4,7,32),(556,41.1192882101502,3,7,14),(557,39.208318444681666,3,7,4),(558,40.74476545304214,4,7,2),(559,39.54443640312313,2,7,40),(560,38.39333193094529,1,7,74),(561,41.76394409554735,1,7,5),(562,39.56202663998683,3,7,3),(563,41.24645774102743,4,7,42),(564,42.00840942160811,3,7,79),(565,39.22432343795526,5,7,65),(566,40.809349520775044,2,7,73),(567,39.301257155057094,3,7,1),(568,135.98396806100087,2,8,76),(569,137.37785791387162,5,8,64),(570,135.13353254918184,1,8,41),(571,134.97527792396536,4,8,29),(572,134.89580515643303,4,8,30),(573,137.1639700267982,2,8,68),(574,135.70278737082322,5,8,53),(575,134.621270536892,4,8,1),(576,136.642432888059,5,8,12),(577,135.73015343237708,3,8,38),(578,136.63721135695238,5,8,52),(579,135.4441060234267,4,8,34),(580,135.63144704747396,1,8,65),(581,136.4757546002263,2,8,22),(582,134.0700376811387,3,8,26),(583,136.82162848379343,3,8,73),(584,136.059265332299,2,8,45),(585,135.36176943852809,3,8,46),(586,135.36086659934284,2,8,24),(587,135.42901602458207,3,8,74),(588,134.67686086311627,5,8,17),(589,136.71744026140706,4,8,81),(590,134.3817053369426,2,8,77),(591,134.8543488388655,1,8,3),(592,137.31115710482024,4,8,43),(593,134.583457182641,2,8,19),(594,136.87335880516397,5,8,70),(595,134.24028436933386,5,8,27),(596,134.62406715218975,4,8,78),(597,135.645980726672,5,8,40),(598,135.27759336721488,3,8,9),(599,135.6250765203871,2,8,69),(600,136.81615037932414,2,8,71),(601,137.67966422798892,1,8,2),(602,134.28180816405455,5,8,16),(603,135.13965575286767,4,8,21),(604,136.31891137056607,4,8,79),(605,137.31478665275358,5,8,33),(606,135.8598391784442,4,8,35),(607,135.97024475238197,4,8,58),(608,136.34778262916137,4,8,60),(609,135.45551964912522,4,8,42),(610,135.20264634822792,2,8,36),(611,136.94381722304078,4,8,59),(612,134.0732255587145,3,8,11),(613,134.32279334385518,5,8,57),(614,134.64114046565498,5,8,13),(615,134.09988457582568,5,8,10),(616,137.86405524984553,4,8,4),(617,134.33321651028993,5,8,14),(618,135.192968506532,4,8,6),(619,137.4774098808239,4,8,49),(620,134.50644715295962,2,8,61),(621,137.24958163275443,2,8,75),(622,137.12582876039917,3,8,48),(623,135.808366128052,3,8,7),(624,135.6330366497466,1,8,66),(625,134.58067575448104,2,8,44),(626,134.01950514957653,5,8,47),(627,137.54537683642147,2,8,25),(628,136.12546352646203,4,8,28),(629,137.33795556818188,3,8,39),(630,134.01243688940133,5,8,54),(631,137.7732643509474,4,8,31),(632,135.48456773848355,2,8,50),(633,136.1811599818767,4,8,56),(634,135.70893911591912,3,8,23),(635,136.6139793020219,1,8,18),(636,134.78660045752213,1,8,63),(637,134.84865689714093,1,8,51),(638,135.76031410696123,1,8,72),(639,137.71956884856002,1,8,80),(640,136.7401938996947,2,8,15),(641,134.65328434714831,5,8,55),(642,137.26470000721528,1,8,32),(643,136.78434195543034,2,8,62),(644,136.593833245075,5,8,37),(645,135.75018297464794,1,8,20),(646,134.39174988355086,4,8,5),(647,137.55849223526533,5,8,8),(648,136.47110379446826,1,8,67),(649,35.82202823423681,5,9,32),(650,37.48217727590551,3,9,8),(651,38.14270709889756,2,9,51),(652,39.09020526824745,5,9,24),(653,39.47522546933462,1,9,27),(654,36.38741461047994,1,9,46),(655,35.77676557301859,1,9,71),(656,39.539396651972154,3,9,7),(657,35.712727169983545,1,9,3),(658,39.44008635228529,3,9,41),(659,36.18783176962117,4,9,22),(660,36.39159036689701,1,9,54),(661,36.12254152850196,2,9,28),(662,37.32775412742642,3,9,21),(663,37.632827888916175,2,9,57),(664,37.21784624269433,2,9,53),(665,35.952768160966116,2,9,40),(666,39.5437065111323,1,9,58),(667,39.32230964313592,3,9,5),(668,39.2546448386306,1,9,43),(669,39.061812691283016,5,9,2),(670,36.10992471555568,3,9,60),(671,38.05484862043891,4,9,69),(672,39.45478135159744,2,9,36),(673,37.148420191984336,2,9,26),(674,36.04860881835039,5,9,14),(675,37.20871391234516,3,9,66),(676,38.12658762903594,2,9,52),(677,36.518330870093024,2,9,37),(678,36.18767317502567,3,9,31),(679,38.963171203621904,2,9,10),(680,39.319471905480185,2,9,1),(681,38.5918805331201,3,9,42),(682,38.403276817591674,5,9,78),(683,36.14529083504146,5,9,56),(684,35.771433447396596,2,9,80),(685,36.59810067142582,4,9,17),(686,38.83001888630947,4,9,67),(687,38.06582444595422,5,9,72),(688,38.022493102545255,5,9,73),(689,39.533451239103414,2,9,6),(690,37.58269104350541,1,9,25),(691,39.43587250513561,4,9,48),(692,39.48641426825541,3,9,12),(693,37.27242022848906,1,9,61),(694,37.24571106541547,4,9,77),(695,36.448636938419895,2,9,4),(696,36.068694126916924,2,9,35),(697,37.17549004481076,5,9,81),(698,37.34835497854218,3,9,23),(699,37.05892795826884,3,9,20),(700,36.46612409200942,1,9,39),(701,38.80756349111759,3,9,38),(702,37.24392942004205,5,9,70),(703,36.27619637107615,3,9,63),(704,38.66427640377187,4,9,55),(705,39.304518706504496,5,9,76),(706,37.67487444484896,1,9,64),(707,38.9710774149989,4,9,11),(708,36.38360224520039,4,9,79),(709,36.04227692095758,2,9,19),(710,36.6967311028611,5,9,29),(711,38.53468160483515,5,9,18),(712,36.26945885302032,5,9,33),(713,35.79427592012917,4,9,49),(714,36.85273400626269,4,9,50),(715,38.16555546199326,3,9,75),(716,38.37084977449111,2,9,44),(717,37.419703202495235,1,9,62),(718,36.27577877221611,4,9,68),(719,36.22025575238002,4,9,59),(720,35.738992247463095,2,9,9),(721,38.903909723311614,5,9,15),(722,36.92144508253327,4,9,34),(723,37.76626038559505,5,9,30),(724,36.56955506201048,4,9,45),(725,36.55925798009215,5,9,65),(726,39.017913256647574,3,9,47),(727,38.224362526949726,3,9,74),(728,37.91856407050901,1,9,13),(729,39.36190979620502,5,9,16),(730,92.07829302498514,1,10,34),(731,94.39119278006888,2,10,47),(732,93.51299077721131,3,10,18),(733,93.3362765302654,5,10,2),(734,92.49503003772324,3,10,15),(735,90.9710230306811,5,10,66),(736,92.77289208339128,1,10,26),(737,90.9353806307429,2,10,59),(738,90.69030249568678,5,10,36),(739,92.62819990167463,2,10,81),(740,90.74413391513875,4,10,60),(741,91.18997506246797,1,10,17),(742,91.91520487209023,4,10,61),(743,91.1463936379421,5,10,1),(744,92.96501519405837,4,10,62),(745,91.73403756855107,3,10,27),(746,93.21633223522407,1,10,45),(747,94.37843451962766,2,10,77),(748,93.0766630813044,2,10,58),(749,94.03953078601316,2,10,74),(750,94.51901021962507,2,10,41),(751,93.96765150531995,1,10,48),(752,93.2944320493115,2,10,39),(753,94.07225611445863,5,10,22),(754,91.24631804593582,2,10,4),(755,93.55470621569609,2,10,54),(756,92.56490613438471,4,10,16),(757,91.11869494244831,4,10,3),(758,94.33578576668741,3,10,80),(759,94.05131300848595,5,10,75),(760,90.81089017904127,5,10,37),(761,92.54809530466149,5,10,73),(762,92.78824329385117,3,10,21),(763,90.7931438606898,3,10,13),(764,93.66483630339185,3,10,50),(765,92.68893279440886,2,10,78),(766,91.55311568596622,5,10,64),(767,94.26137288690946,4,10,7),(768,90.80869668714988,1,10,40),(769,91.39006649877788,3,10,72),(770,93.68789554523815,4,10,32),(771,91.60523244733191,4,10,28),(772,92.01037843344342,1,10,5),(773,94.06769671975944,5,10,44),(774,91.5804927598588,2,10,31),(775,91.36368495902137,3,10,46),(776,93.39645214421304,4,10,9),(777,91.41040383599928,4,10,14),(778,93.03306253328758,2,10,52),(779,91.46736840522863,5,10,33),(780,94.33769743253757,3,10,6),(781,91.1643787901572,5,10,71),(782,92.80365969045035,5,10,56),(783,92.63440237892786,2,10,8),(784,94.14610347961869,1,10,63),(785,91.72523051273089,2,10,42),(786,93.60405787537621,3,10,10),(787,93.42496106463084,1,10,43),(788,93.87424406383148,5,10,20),(789,93.23475765711922,1,10,29),(790,94.56222102689777,1,10,57),(791,94.19676955665568,1,10,53),(792,91.84316696492814,4,10,11),(793,91.57157599432384,2,10,68),(794,91.9676218900972,4,10,19),(795,91.65138660923563,3,10,79),(796,90.76323406396864,2,10,51),(797,91.52178668765782,3,10,25),(798,94.10577460527668,2,10,67),(799,93.16133851466292,1,10,69),(800,91.8013766202369,4,10,35),(801,92.44573257246836,3,10,76),(802,90.72140048723816,3,10,30),(803,94.14038379914975,5,10,49),(804,91.7231484588462,5,10,70),(805,92.28260049386833,3,10,55),(806,92.88146737988275,2,10,23),(807,92.8204654938743,3,10,24),(808,92.02142315671227,3,10,65),(809,94.55696805208987,5,10,38),(810,93.68135970107997,3,10,12),(811,90.61243707808303,2,11,9),(812,90.87534436570957,4,11,46),(813,91.9452319354624,1,11,63),(814,90.66541561502277,1,11,5),(815,91.13154502945524,5,11,55),(816,91.70184037326779,5,11,67),(817,90.93134426579688,4,11,71),(818,90.36126890236,4,11,19),(819,88.68166231864781,1,11,24),(820,88.89460249503563,3,11,15),(821,90.36975675774919,2,11,42),(822,91.65333033011342,5,11,81),(823,88.34728450526067,4,11,28),(824,89.91703041653649,4,11,11),(825,91.4222892185042,3,11,14),(826,91.94587759820953,1,11,66),(827,88.84979327900423,2,11,49),(828,91.6018053817827,1,11,50),(829,90.04547449585766,2,11,79),(830,88.75266477779026,2,11,60),(831,89.42969943603548,3,11,1),(832,88.46371379027026,3,11,13),(833,89.01931800992553,5,11,40),(834,88.50663192512462,1,11,16),(835,89.13598271449727,4,11,76),(836,88.89474177539103,1,11,51),(837,92.03421845530634,1,11,68),(838,92.13719471155933,1,11,8),(839,89.6034396219958,2,11,39),(840,91.63173833239975,5,11,70),(841,90.34583457906054,5,11,4),(842,90.47015152114832,2,11,44),(843,91.21635244502288,5,11,17),(844,88.6016170552802,5,11,35),(845,88.44214438549201,5,11,25),(846,88.28376511350356,1,11,61),(847,91.42179216018484,1,11,20),(848,91.33068910722261,5,11,3),(849,90.26815611746557,5,11,32),(850,89.56448929536435,2,11,33),(851,90.15364485399829,3,11,72),(852,91.16656125579983,2,11,37),(853,88.82559534585776,2,11,73),(854,89.85415557006284,2,11,41),(855,91.83163150289225,1,11,58),(856,88.65388477222976,4,11,62),(857,88.59881949657836,2,11,7),(858,88.21173479401715,3,11,64),(859,91.86836447899647,2,11,10),(860,89.01737602205783,5,11,22),(861,90.63310347736623,1,11,56),(862,91.80908330487681,2,11,75),(863,89.39947608000396,2,11,27),(864,90.76273585478907,5,11,54),(865,90.7737077056485,5,11,65),(866,89.06089450308613,1,11,48),(867,91.08224315329527,1,11,30),(868,89.27164935511009,2,11,45),(869,88.31768350844365,3,11,26),(870,89.91144471660338,4,11,31),(871,91.00956384779839,1,11,69),(872,90.74173351858302,3,11,57),(873,89.07660417099848,3,11,34),(874,89.8591707528453,3,11,80),(875,91.4687715580819,5,11,23),(876,88.1443969446822,4,11,59),(877,88.7262299689211,1,11,36),(878,89.82668442683851,3,11,77),(879,90.53626650715647,2,11,78),(880,89.7188691750215,5,11,43),(881,88.6449400452756,2,11,47),(882,91.34803947594938,3,11,18),(883,92.12444309578551,4,11,21),(884,92.0024203080844,5,11,74),(885,91.72048524614308,4,11,29),(886,88.95395625066816,5,11,38),(887,88.5595681418345,5,11,2),(888,91.0658152429201,2,11,12),(889,90.525655057794,1,11,52),(890,88.23381028154593,5,11,53),(891,88.22826515335626,2,11,6),(892,187.71075838431688,5,12,51),(893,187.92658146581928,2,12,35),(894,189.1377940800121,3,12,17),(895,188.89078524933913,1,12,55),(896,187.46430458268344,3,12,75),(897,190.52468769365677,5,12,50),(898,189.89005206382876,4,12,7),(899,190.30746078618589,3,12,68),(900,190.8528426257994,5,12,4),(901,189.36770017202375,1,12,41),(902,187.93979833307017,4,12,13),(903,188.27813442403377,5,12,31),(904,187.86731390177135,1,12,58),(905,187.61124615092308,1,12,10),(906,188.66353417307747,4,12,67),(907,191.0298721497218,1,12,14),(908,188.21639869326722,4,12,53),(909,188.1229590717157,4,12,65),(910,187.81538243352142,3,12,63),(911,188.95845589900296,3,12,73),(912,187.6226006666212,1,12,34),(913,188.54067666448483,5,12,69),(914,188.16438608038436,3,12,36),(915,188.26617961938135,1,12,19),(916,188.93878879088638,1,12,64),(917,189.47591785496695,2,12,45),(918,190.80718928717738,3,12,44),(919,188.97052238797787,2,12,74),(920,189.85700256053732,4,12,81),(921,188.6565039044494,1,12,56),(922,187.34524534322088,3,12,15),(923,190.8418551854295,4,12,46),(924,189.74294171249164,2,12,62),(925,188.2945795905571,1,12,40),(926,190.19066025753918,4,12,30),(927,190.91288865708708,4,12,59),(928,187.76104431374176,1,12,24),(929,187.65569459705523,1,12,43),(930,188.75063690531567,1,12,76),(931,190.407967130306,5,12,1),(932,187.71032156862287,4,12,52),(933,188.1480670232999,3,12,48),(934,187.85988521095987,5,12,28),(935,190.0673441468569,4,12,20),(936,188.81156955807552,1,12,77),(937,190.64319419097077,5,12,60),(938,188.993462631866,4,12,38),(939,188.12851494766647,3,12,61),(940,188.20111674361408,3,12,39),(941,187.51163565066582,1,12,8),(942,187.59697137470522,1,12,22),(943,187.34931871001578,3,12,80),(944,190.41130777654473,2,12,21),(945,190.28059876251322,1,12,70),(946,191.10200814288757,3,12,27),(947,189.52912961831615,4,12,72),(948,187.15736786581192,1,12,12),(949,190.09994092350243,2,12,9),(950,187.32490546821373,4,12,16),(951,188.55582383267028,1,12,23),(952,188.99554625568564,5,12,57),(953,190.4848951198382,5,12,3),(954,190.13627202702534,5,12,47),(955,189.06561123096742,3,12,54),(956,187.74740768969983,2,12,32),(957,187.16925755895332,3,12,37),(958,188.38529146612393,4,12,11),(959,187.77604022956425,1,12,6),(960,188.06623686004298,2,12,49),(961,189.3714820789467,2,12,2),(962,187.60132507341714,1,12,79),(963,189.30280672666973,1,12,78),(964,190.4076438215467,1,12,29),(965,188.3051301986144,1,12,71),(966,190.19875287713356,5,12,33),(967,188.09919726783846,1,12,25),(968,190.399017001206,4,12,66),(969,188.24896944921693,1,12,26),(970,187.68931862350144,3,12,18),(971,187.80136192340848,3,12,42),(972,188.8103709116967,1,12,5),(973,124.35438289010972,4,13,1),(974,126.89610832731799,4,13,42),(975,123.8259794459405,1,13,14),(976,126.45872036634873,5,13,36),(977,123.25785277241404,3,13,39),(978,125.8891041504498,5,13,47),(979,124.13114511806961,4,13,13),(980,125.8500585439478,2,13,65),(981,123.26069930964567,3,13,31),(982,125.98992291185704,1,13,68),(983,126.55183812346667,1,13,28),(984,126.73505043423197,5,13,55),(985,123.72598877161636,4,13,64),(986,123.47050653454814,2,13,62),(987,124.23157551795249,5,13,77),(988,123.16494868968196,2,13,80),(989,126.87297390752613,3,13,22),(990,126.86719802986866,3,13,81),(991,126.81230854457746,1,13,17),(992,124.44128556212604,5,13,15),(993,126.63910574992207,2,13,21),(994,126.80072626929228,5,13,40),(995,126.9120507588645,3,13,26),(996,125.61287880926562,1,13,79),(997,126.92653148637837,3,13,10),(998,125.94823687455067,1,13,58),(999,125.06699014276101,5,13,12),(1000,126.74848097675329,5,13,34),(1001,125.75602163066259,1,13,29),(1002,123.9560570088231,2,13,24),(1003,125.45989473074475,2,13,45),(1004,124.28261880251766,3,13,54),(1005,123.19870077975874,4,13,11),(1006,126.4818597792111,2,13,49),(1007,124.4808817251098,3,13,75),(1008,124.21356502188083,1,13,3),(1009,124.79239152863578,3,13,2),(1010,123.2163492561902,1,13,18),(1011,123.96778161683164,3,13,33),(1012,126.0834683645756,1,13,20),(1013,124.94749851040037,2,13,63),(1014,124.20829258072672,4,13,27),(1015,125.54280258166068,4,13,69),(1016,125.63594668583487,4,13,52),(1017,123.76729156962251,4,13,70),(1018,127.09097650233105,2,13,57),(1019,125.67889020636811,5,13,67),(1020,124.9079807513909,2,13,48),(1021,124.59686870310288,3,13,43),(1022,123.30872583794329,4,13,6),(1023,127.05949049047939,2,13,66),(1024,123.29024071323411,3,13,25),(1025,124.00913895759531,3,13,4),(1026,125.03228901589758,3,13,30),(1027,123.693267963577,1,13,38),(1028,126.74007849470797,2,13,61),(1029,124.0575151142024,5,13,44),(1030,125.43243810237307,2,13,74),(1031,126.55210652970408,3,13,76),(1032,123.74885547193378,1,13,60),(1033,126.38381397774748,4,13,32),(1034,127.09034066278883,1,13,9),(1035,123.84534153050477,3,13,71),(1036,123.68207282832869,1,13,19),(1037,126.7637715655253,1,13,56),(1038,123.73690814681517,4,13,53),(1039,124.2420398085143,4,13,78),(1040,123.49646988773085,3,13,7),(1041,123.18675657085834,1,13,51),(1042,124.84470411677573,1,13,35),(1043,124.41016606076955,3,13,59),(1044,123.2998786365823,5,13,16),(1045,124.57336076234402,3,13,46),(1046,125.89587284588588,4,13,72),(1047,126.3480552105502,5,13,23),(1048,124.40170723435347,4,13,41),(1049,123.39471703023,4,13,73),(1050,126.90622074949346,5,13,5),(1051,126.51866333166683,5,13,8),(1052,124.98649732706805,2,13,37),(1053,124.11829820302404,2,13,50),(1054,178.592293253697,1,14,69),(1055,179.11490042318235,1,14,2),(1056,178.86705021886425,2,14,26),(1057,181.37886864628462,3,14,30),(1058,180.02505818404552,2,14,45),(1059,181.48492931089467,4,14,53),(1060,179.2769095781526,3,14,22),(1061,181.7082177831977,3,14,35),(1062,182.24064714931944,4,14,70),(1063,181.2169849939733,1,14,67),(1064,182.2332117733785,1,14,29),(1065,181.52182514026504,4,14,74),(1066,180.68524304953488,4,14,34),(1067,181.90531659889413,5,14,7),(1068,179.77119871505914,3,14,42),(1069,180.9002686805686,4,14,47),(1070,182.23461475410303,5,14,55),(1071,179.0042548735794,5,14,40),(1072,179.15343713793717,4,14,63),(1073,179.0052471292177,1,14,23),(1074,179.42386974499547,3,14,25),(1075,180.0683173718522,3,14,9),(1076,180.03162345057146,1,14,51),(1077,181.96173157824583,3,14,6),(1078,179.72118452159742,2,14,27),(1079,180.87130223110415,1,14,3),(1080,180.1077952882038,2,14,39),(1081,179.32462976259532,2,14,36),(1082,180.90493323979547,2,14,31),(1083,178.52179862792008,2,14,48),(1084,179.1270514739856,1,14,32),(1085,179.20443421467982,1,14,73),(1086,180.98316759180295,2,14,33),(1087,181.77843940731418,2,14,80),(1088,181.28341177346607,2,14,37),(1089,181.5563301425219,1,14,75),(1090,180.00396021444342,3,14,49),(1091,179.53941047467316,3,14,72),(1092,181.1597666951588,2,14,64),(1093,180.2701307993126,3,14,52),(1094,179.9861242702056,3,14,12),(1095,178.83176315310018,5,14,20),(1096,179.06214276204562,2,14,41),(1097,182.27245656713075,3,14,68),(1098,179.6811550963357,5,14,66),(1099,182.3889689733735,5,14,81),(1100,180.6453881668603,2,14,77),(1101,180.0435695897121,4,14,8),(1102,180.77533185209958,2,14,18),(1103,181.84944461352788,5,14,78),(1104,182.34702857731213,3,14,46),(1105,181.37249433757728,1,14,11),(1106,178.45965332275026,5,14,43),(1107,179.44149559862873,2,14,21),(1108,179.3211060779025,2,14,71),(1109,180.87627903452426,3,14,76),(1110,181.22608763310814,1,14,16),(1111,180.38580168690206,3,14,4),(1112,181.9544553353674,3,14,17),(1113,180.28076477509495,3,14,56),(1114,180.6703789421975,5,14,79),(1115,180.72723547383612,4,14,14),(1116,180.00174327853958,2,14,57),(1117,180.62680987541168,3,14,61),(1118,178.56080129771902,4,14,58),(1119,179.4229933738456,3,14,5),(1120,179.92785998580652,1,14,62),(1121,179.79084565279032,1,14,1),(1122,181.22266392580383,5,14,65),(1123,178.7207605817048,5,14,15),(1124,180.9195547248637,4,14,28),(1125,178.79270181954016,4,14,60),(1126,180.33148414863982,4,14,44),(1127,178.5534555337114,3,14,10),(1128,178.63271928512694,1,14,38),(1129,178.5451117826054,4,14,19),(1130,181.63243863837096,4,14,54),(1131,181.18804169673408,1,14,50),(1132,179.175083774916,2,14,59),(1133,178.65397397740705,5,14,24),(1134,180.22639920206302,2,14,13),(1135,53.268638403990195,5,15,7),(1136,53.11675422456954,5,15,39),(1137,54.78463067713368,1,15,6),(1138,55.25132579845913,5,15,46),(1139,53.88996917915955,1,15,63),(1140,55.26463830321532,4,15,15),(1141,55.49196183031704,5,15,37),(1142,54.296785580142654,4,15,19),(1143,53.408087434184644,3,15,52),(1144,54.338494085148646,1,15,25),(1145,51.84888956495368,4,15,71),(1146,51.84825966956918,2,15,62),(1147,53.8138294175452,3,15,2),(1148,54.74309329901845,3,15,16),(1149,53.390962296969185,5,15,61),(1150,53.90704516457039,4,15,81),(1151,53.64075818696998,3,15,36),(1152,52.1947570872102,4,15,43),(1153,54.20593105023102,4,15,72),(1154,54.77800403296526,4,15,60),(1155,54.79427448229781,1,15,48),(1156,51.92230333150016,4,15,68),(1157,52.24385628904336,1,15,1),(1158,54.51811669491195,2,15,26),(1159,55.00555792080749,5,15,9),(1160,53.900242710865456,1,15,32),(1161,54.81358657719654,3,15,73),(1162,53.17699727002422,2,15,53),(1163,54.30963987562609,3,15,23),(1164,55.66433937591076,2,15,44),(1165,54.85916298569133,3,15,75),(1166,55.32816453210493,3,15,67),(1167,55.67202452845394,3,15,77),(1168,54.77071567140267,5,15,11),(1169,55.19016474383063,1,15,21),(1170,54.59367394164456,5,15,33),(1171,53.23130581787804,2,15,45),(1172,54.0642487809584,5,15,38),(1173,54.59502905622066,5,15,10),(1174,54.41398566721641,2,15,66),(1175,53.246337275584224,4,15,70),(1176,55.10836184874104,4,15,27),(1177,54.07486699316579,3,15,49),(1178,53.79170680968218,3,15,47),(1179,55.083353991951384,5,15,69),(1180,55.32223735546856,2,15,41),(1181,54.86365629716612,1,15,54),(1182,52.66162567969832,3,15,50),(1183,53.48617514743479,2,15,20),(1184,53.936253674751825,1,15,4),(1185,55.20283161630589,5,15,35),(1186,55.3672930314136,2,15,42),(1187,55.66389083911534,4,15,59),(1188,53.612848795144345,1,15,74),(1189,54.955617726067246,3,15,78),(1190,54.850822990817875,2,15,51),(1191,54.815413972392214,3,15,22),(1192,53.72633458360852,5,15,28),(1193,52.2078668229842,2,15,8),(1194,53.91962157870282,2,15,80),(1195,54.686609057025144,5,15,5),(1196,54.52719182932862,4,15,13),(1197,52.32407781339921,3,15,12),(1198,52.6109314314396,3,15,40),(1199,55.40856093802608,3,15,65),(1200,51.847362463033434,3,15,29),(1201,55.013591284619956,1,15,57),(1202,52.43943820035488,3,15,64),(1203,52.6675605327477,4,15,55),(1204,52.18379623530219,2,15,79),(1205,54.5040871871768,4,15,56),(1206,55.32925529306604,1,15,76),(1207,52.36872829804555,3,15,58),(1208,52.91628409623492,4,15,24),(1209,54.79635532618397,2,15,17),(1210,54.38140626034729,5,15,31),(1211,55.22352470290582,3,15,18),(1212,54.498209894192954,4,15,14),(1213,53.25227919504854,2,15,3),(1214,52.331009017282895,3,15,34),(1215,54.65185753806641,3,15,30),(1216,53.053251721486866,5,16,71),(1217,50.914020477004186,4,16,57),(1218,50.61703625286702,4,16,7),(1219,49.72325791466628,5,16,43),(1220,50.6297289081688,3,16,33),(1221,52.115676061958915,5,16,8),(1222,50.24608810013961,5,16,79),(1223,52.72213715643587,5,16,64),(1224,52.31523622175291,5,16,80),(1225,49.92566917019747,3,16,54),(1226,50.608601769776946,5,16,15),(1227,52.0504725343258,4,16,42),(1228,49.4449493205874,5,16,45),(1229,51.956875619367864,5,16,74),(1230,49.528125662310615,3,16,78),(1231,52.02631065957607,2,16,18),(1232,50.290864429007044,4,16,69),(1233,50.189050540935035,3,16,67),(1234,50.14086990875414,5,16,72),(1235,49.48056583420444,1,16,44),(1236,49.406984175588505,1,16,27),(1237,52.433961198041565,2,16,59),(1238,51.37020544884545,1,16,11),(1239,49.54066739900735,3,16,63),(1240,50.11909310678632,5,16,19),(1241,51.0572141022934,2,16,77),(1242,50.49121012674166,5,16,17),(1243,49.73562755751617,4,16,20),(1244,51.91899757050458,1,16,65),(1245,52.872135991139324,3,16,56),(1246,52.87043102012681,4,16,41),(1247,49.19275469457754,4,16,55),(1248,51.33696407729814,5,16,50),(1249,51.56999614950717,3,16,46),(1250,49.675275971962115,1,16,47),(1251,50.08498349762465,2,16,14),(1252,53.05763255886653,3,16,81),(1253,51.61086956606117,1,16,1),(1254,49.91289480387342,5,16,10),(1255,51.59895725540356,5,16,3),(1256,52.74281694991383,5,16,28),(1257,50.50256963625135,4,16,62),(1258,50.67770796403548,2,16,39),(1259,50.20334632882275,4,16,26),(1260,49.545738780465314,1,16,37),(1261,51.11085286807633,5,16,73),(1262,51.74506295605546,1,16,51),(1263,52.017720111558056,3,16,76),(1264,53.14927699020873,4,16,16),(1265,52.27955175784127,2,16,68),(1266,50.118478613714004,2,16,31),(1267,49.165369419961706,5,16,9),(1268,50.02716609894773,3,16,25),(1269,49.73894985044467,1,16,2),(1270,51.97975416855483,3,16,58),(1271,50.127101285052106,2,16,49),(1272,50.39063972121383,4,16,23),(1273,52.12661953773508,2,16,4),(1274,50.55251149423296,4,16,29),(1275,49.72296457612482,1,16,60),(1276,53.01020272187663,5,16,53),(1277,52.9566110643152,1,16,21),(1278,52.205673988083404,3,16,52),(1279,51.298406429947136,3,16,35),(1280,53.04693633683365,4,16,6),(1281,49.50736089064281,2,16,40),(1282,52.91661254845265,4,16,48),(1283,51.281277891041036,2,16,70),(1284,51.63139022717844,4,16,22),(1285,52.75049403852881,1,16,61),(1286,50.89436979245862,1,16,5),(1287,50.24469022627028,3,16,66),(1288,51.81961199498247,2,16,34),(1289,52.443873209028524,4,16,13),(1290,50.3291578478635,3,16,75),(1291,50.13374852831926,4,16,38),(1292,52.55160623307166,2,16,32),(1293,52.13231582496531,1,16,24),(1294,52.170379471395776,4,16,30),(1295,52.00493947374961,3,16,36),(1296,52.34141395654311,1,16,12),(1297,132.45885204921882,4,17,68),(1298,129.48067008393232,5,17,44),(1299,131.7759233040905,3,17,74),(1300,131.34271088428858,3,17,53),(1301,132.2097162842418,5,17,39),(1302,130.12624895002787,4,17,5),(1303,132.37019932444736,1,17,32),(1304,129.41454954618126,3,17,56),(1305,129.50903179206387,3,17,43),(1306,133.03895829163463,5,17,36),(1307,130.48766314665485,5,17,21),(1308,132.52089801945397,1,17,19),(1309,130.04949107469682,1,17,50),(1310,132.12708371994594,1,17,47),(1311,130.30278560711693,5,17,35),(1312,133.0651459363724,2,17,8),(1313,130.5141349617383,5,17,42),(1314,132.65410352271024,1,17,46),(1315,129.10596457215624,4,17,3),(1316,130.04898679504885,3,17,70),(1317,130.4291223777053,1,17,25),(1318,131.8654970200522,5,17,49),(1319,132.75136484674306,5,17,22),(1320,132.07034212577403,1,17,15),(1321,130.7801268914935,4,17,54),(1322,130.91357749910836,5,17,23),(1323,132.38009886410308,1,17,9),(1324,131.21179523516105,5,17,72),(1325,131.60625285920807,5,17,7),(1326,129.96196458780852,3,17,75),(1327,131.216419624512,5,17,33),(1328,130.02909815857538,5,17,37),(1329,130.92331856149244,3,17,30),(1330,129.3367359146743,1,17,31),(1331,129.4251647907504,1,17,59),(1332,129.23257040896476,3,17,66),(1333,129.90063533965397,3,17,62),(1334,129.93976658665304,3,17,26),(1335,130.66897362690634,2,17,77),(1336,130.99620235044293,2,17,67),(1337,132.06967423794703,3,17,27),(1338,132.2770445901797,5,17,69),(1339,131.18020549243695,5,17,73),(1340,131.14954343725424,4,17,80),(1341,132.01441399947458,4,17,12),(1342,132.24413629803217,2,17,57),(1343,131.1189255535524,5,17,81),(1344,132.76302577353454,3,17,61),(1345,131.70436108500886,1,17,4),(1346,129.5532374120281,4,17,65),(1347,129.16619474242498,4,17,79),(1348,129.72277554853113,4,17,71),(1349,129.29238132649417,3,17,13),(1350,130.11967356053884,1,17,40),(1351,130.33011362079756,4,17,14),(1352,132.6382338116364,2,17,6),(1353,132.4082353589683,1,17,55),(1354,133.02608015047574,1,17,51),(1355,129.63703265011173,5,17,34),(1356,131.6045744834822,2,17,28),(1357,133.02023394044457,3,17,45),(1358,130.4630891096331,4,17,64),(1359,129.74595653421355,5,17,1),(1360,130.65899850229442,2,17,58),(1361,130.7843643193341,3,17,41),(1362,129.35694686113476,4,17,11),(1363,131.75184650458166,5,17,38),(1364,132.87003652312774,2,17,48),(1365,132.11275446955153,1,17,78),(1366,130.72537545289777,5,17,10),(1367,129.91216808025266,2,17,17),(1368,131.46403375368592,3,17,52),(1369,132.31909323656294,3,17,20),(1370,133.0789456389405,5,17,24),(1371,129.30704839662835,3,17,18),(1372,131.7425540704292,2,17,60),(1373,130.17275566908106,4,17,2),(1374,131.76953254699166,1,17,16),(1375,132.28070090010408,5,17,76),(1376,132.23555831118358,2,17,63),(1377,131.73856800003657,3,17,29),(1378,29.508867582683795,3,18,26),(1379,29.619517399454928,5,18,41),(1380,30.562636187822655,4,18,69),(1381,30.95411691386439,3,18,56),(1382,27.90883990266453,5,18,45),(1383,30.825181116002604,3,18,78),(1384,30.27014211888457,3,18,8),(1385,30.305833137444814,3,18,33),(1386,31.327470002027148,5,18,74),(1387,31.391960247420712,4,18,15),(1388,29.90954422572844,5,18,50),(1389,31.69515202072698,4,18,21),(1390,30.315262038481087,5,18,79),(1391,31.504724084330356,4,18,55),(1392,31.184744199047763,2,18,48),(1393,29.986416977908366,3,18,34),(1394,29.808214733786198,2,18,29),(1395,30.214460789931564,3,18,73),(1396,28.018330694534104,1,18,32),(1397,29.01525025729292,1,18,2),(1398,31.276813550502794,3,18,18),(1399,29.383059150987965,2,18,59),(1400,30.736961990686076,3,18,12),(1401,29.731573623138274,1,18,9),(1402,28.126952793201937,1,18,75),(1403,31.12108978413672,3,18,43),(1404,30.29658122723194,1,18,44),(1405,29.922029177611396,2,18,6),(1406,29.448615572025197,1,18,16),(1407,31.20701813661698,2,18,39),(1408,27.93721473821248,3,18,67),(1409,30.051754100157652,1,18,61),(1410,28.96023124343075,3,18,17),(1411,30.995280610351024,2,18,46),(1412,30.298721326686838,1,18,77),(1413,29.66373328667747,4,18,80),(1414,29.161560736434943,4,18,25),(1415,30.814014509679467,3,18,68),(1416,28.280582707966946,2,18,64),(1417,30.851666886772563,2,18,30),(1418,30.10213932761466,5,18,27),(1419,30.590495300958565,5,18,23),(1420,28.075816074729453,1,18,19),(1421,31.19272663288629,3,18,63),(1422,27.799645267315334,1,18,53),(1423,31.130517181799704,1,18,52),(1424,30.82399512151293,2,18,51),(1425,29.240520047440523,3,18,10),(1426,29.394452127382124,5,18,62),(1427,30.761602714819205,5,18,5),(1428,27.87135100863246,4,18,4),(1429,28.724310068092297,1,18,72),(1430,27.981990638859067,3,18,14),(1431,30.51105879304329,5,18,36),(1432,28.04464142451395,2,18,57),(1433,27.903837405489593,5,18,1),(1434,31.289773999184405,4,18,81),(1435,28.14805844843064,1,18,71),(1436,30.675079876624494,2,18,47),(1437,29.45324297672101,5,18,76),(1438,29.714963061623912,4,18,20),(1439,29.73113280748327,2,18,49),(1440,30.0717688297297,4,18,37),(1441,28.59336472062209,5,18,13),(1442,29.652539203310063,4,18,42),(1443,31.163256220142458,2,18,54),(1444,29.150930137754816,5,18,70),(1445,28.197376398748915,2,18,31),(1446,29.652450694499443,2,18,24),(1447,30.99811443113279,5,18,40),(1448,29.075435663360313,2,18,3),(1449,27.936119382710462,5,18,22),(1450,28.062885416337938,2,18,35),(1451,30.632701180595,3,18,11),(1452,29.83386344511313,1,18,38),(1453,31.31984028769967,3,18,58),(1454,28.95001607328566,4,18,28),(1455,29.27012386306067,2,18,65),(1456,31.162195798329506,3,18,7),(1457,30.283160330736102,3,18,66),(1458,29.923570709280217,4,18,60),(1459,61.987927814335464,4,19,42),(1460,60.481687035981466,3,19,34),(1461,59.664732178372304,4,19,35),(1462,62.7169607572431,3,19,59),(1463,61.812528867938006,5,19,77),(1464,60.456626801766674,2,19,40),(1465,61.823692777911255,1,19,13),(1466,63.29689057582195,3,19,38),(1467,62.442616815712526,2,19,19),(1468,59.904901046783834,5,19,69),(1469,60.546135856479474,4,19,75),(1470,59.62899699282711,3,19,12),(1471,63.007210102863326,3,19,74),(1472,60.319092881131446,4,19,63),(1473,63.19410164097462,3,19,53),(1474,61.94847804456277,3,19,65),(1475,61.840637031375856,5,19,26),(1476,61.64479376295704,5,19,18),(1477,61.148471501681954,3,19,5),(1478,60.242771672351914,1,19,80),(1479,60.493298352066915,4,19,71),(1480,61.845898318353754,4,19,47),(1481,62.06162722589106,4,19,61),(1482,63.15382979624485,3,19,8),(1483,61.58895992953791,4,19,20),(1484,61.43270240301017,5,19,73),(1485,62.02192122586406,3,19,30),(1486,61.357685703729764,3,19,68),(1487,61.68669788115493,3,19,25),(1488,63.380515944086866,4,19,50),(1489,62.22427515375067,2,19,29),(1490,63.339450041109586,2,19,79),(1491,62.07907174044986,1,19,76),(1492,62.62707418438232,4,19,22),(1493,59.98330504127513,3,19,11),(1494,60.93910228413453,2,19,55),(1495,60.16978417952719,1,19,14),(1496,62.667676382164274,4,19,78),(1497,63.09982466614598,4,19,23),(1498,60.010190845277975,1,19,48),(1499,61.759162372049815,3,19,7),(1500,62.03097007583062,2,19,4),(1501,61.45231244234369,4,19,39),(1502,61.46686571712007,1,19,72),(1503,59.94691358344221,1,19,10),(1504,60.416426010492145,2,19,37),(1505,60.17334435935948,2,19,36),(1506,61.28904882175665,3,19,46),(1507,59.848926321937356,5,19,58),(1508,61.24507982384857,1,19,41),(1509,60.01600893983798,4,19,64),(1510,63.043054576723776,4,19,1),(1511,62.016068685727134,5,19,70),(1512,59.993849669707295,3,19,15),(1513,61.833322915667594,4,19,67),(1514,63.42512085204311,5,19,60),(1515,60.123123806758805,3,19,24),(1516,60.06393796979299,5,19,21),(1517,59.98858668668035,2,19,52),(1518,61.455138039036235,3,19,3),(1519,62.63786435984086,5,19,45),(1520,61.62628880007651,4,19,81),(1521,60.67783473088793,3,19,28),(1522,62.38190073341323,4,19,2),(1523,62.94395582274714,5,19,54),(1524,61.88006356509797,2,19,27),(1525,63.455980945405514,4,19,9),(1526,60.191482267118765,3,19,33),(1527,62.62454657292196,5,19,44),(1528,60.87941848689215,3,19,49),(1529,59.782319339645426,5,19,62),(1530,61.85638096945072,5,19,17),(1531,59.851212073737486,3,19,16),(1532,63.39277522022503,3,19,6),(1533,60.39263484740293,5,19,56),(1534,61.08193717055714,1,19,43),(1535,60.28802249423427,3,19,31),(1536,63.458075780980366,1,19,66),(1537,61.205705581477545,5,19,51),(1538,60.192705325569705,2,19,32),(1539,61.52305929135527,1,19,57),(1540,82.05154833822495,5,20,22),(1541,79.92821512908411,1,20,74),(1542,81.5185662314229,4,20,49),(1543,81.65246513026362,1,20,34),(1544,83.3129733728695,4,20,14),(1545,82.7835985281305,4,20,31),(1546,79.9404425446331,3,20,38),(1547,83.47836144063974,1,20,4),(1548,79.68800001281951,3,20,61),(1549,79.92614766714732,1,20,69),(1550,83.5438467530957,2,20,25),(1551,80.78849343144967,1,20,40),(1552,80.03899284319513,4,20,42),(1553,81.42767632232581,3,20,55),(1554,79.85357316194123,3,20,73),(1555,81.01237796672582,2,20,12),(1556,82.8652027254037,4,20,32),(1557,79.94790730795602,3,20,64),(1558,83.32454610892684,2,20,17),(1559,81.89973144483942,4,20,29),(1560,82.09385481392451,3,20,48),(1561,80.8142368541435,3,20,37),(1562,82.24310096561209,5,20,19),(1563,80.45701351622337,5,20,3),(1564,82.24578170346749,5,20,36),(1565,80.98603089565098,1,20,2),(1566,83.41721597218435,2,20,59),(1567,79.6660070122174,5,20,45),(1568,83.45303621753922,3,20,1),(1569,82.97838703304959,2,20,77),(1570,83.53044556394126,4,20,44),(1571,79.70012224013934,2,20,79),(1572,80.68764978986513,3,20,8),(1573,80.05389448211992,3,20,50),(1574,83.26845248781751,1,20,26),(1575,80.25018996354628,1,20,52),(1576,82.07792572910424,1,20,28),(1577,80.99966790798932,5,20,46),(1578,82.61269592829537,5,20,35),(1579,81.5415494678608,4,20,68),(1580,81.8452917634054,2,20,65),(1581,80.79784941515004,3,20,76),(1582,82.50566175505598,3,20,18),(1583,80.21904577846074,2,20,60),(1584,81.88217654520601,3,20,16),(1585,81.61540643951437,3,20,20),(1586,81.58617821116725,3,20,10),(1587,81.48438656642726,3,20,9),(1588,81.18853288299229,5,20,72),(1589,79.86542095380506,4,20,43),(1590,80.71949744247192,5,20,13),(1591,83.11697016724814,3,20,62),(1592,81.35791448662292,1,20,57),(1593,80.64670823523235,4,20,41),(1594,81.14010101104222,5,20,53),(1595,83.15805060159148,1,20,80),(1596,81.30732214828211,1,20,27),(1597,82.60854762799183,5,20,47),(1598,82.40825897346583,5,20,5),(1599,83.3897498664758,5,20,23),(1600,79.91978344306041,1,20,30),(1601,82.10708657649802,2,20,67),(1602,82.96439559247449,4,20,15),(1603,82.03322194854343,5,20,11),(1604,80.84371678914583,1,20,33),(1605,82.25162203160032,4,20,51),(1606,83.44594479673691,4,20,70),(1607,83.50002288270045,1,20,54),(1608,83.18496972824967,1,20,56),(1609,82.85200442934182,4,20,39),(1610,80.3947731776764,3,20,21),(1611,81.17070684210125,2,20,6),(1612,80.23991002194781,2,20,78),(1613,83.07987621660838,3,20,7),(1614,82.50206139063944,1,20,24),(1615,81.09564444285432,5,20,58),(1616,82.9424997413892,1,20,75),(1617,83.49088604298247,1,20,63),(1618,80.77192737306866,4,20,81),(1619,82.70332014555679,1,20,71),(1620,79.71380259984214,4,20,66);
/*!40000 ALTER TABLE `share` ENABLE KEYS */;
UNLOCK TABLES;

--
-- Table structure for table `user`
--

DROP TABLE IF EXISTS `user`;
/*!40101 SET @saved_cs_client     = @@character_set_client */;
/*!50503 SET character_set_client = utf8mb4 */;
CREATE TABLE `user` (
  `id_user` int unsigned NOT NULL AUTO_INCREMENT,
  `password` varchar(255) COLLATE utf8mb3_bin DEFAULT NULL,
  `username` varchar(255) COLLATE utf8mb3_bin DEFAULT NULL,
  `id_role` int unsigned DEFAULT NULL,
  PRIMARY KEY (`id_user`),
  UNIQUE KEY `UKsb8bbouer5wak8vyiiy4pf2bx` (`username`),
  KEY `FK6njoh3pti5jnlkowken3r8ttn` (`id_role`),
  CONSTRAINT `FK6njoh3pti5jnlkowken3r8ttn` FOREIGN KEY (`id_role`) REFERENCES `role` (`id_role`)
) ENGINE=InnoDB AUTO_INCREMENT=82 DEFAULT CHARSET=utf8mb3 COLLATE=utf8mb3_bin;
/*!40101 SET character_set_client = @saved_cs_client */;

--
-- Dumping data for table `user`
--

LOCK TABLES `user` WRITE;
/*!40000 ALTER TABLE `user` DISABLE KEYS */;
INSERT INTO `user` VALUES (1,'$2a$10$oR9./CaZzfMLv8eaXd3PTuJ5pwZR62XHLtF2NwQDZ.bIRgRc.oyhS','john_smith92',1),(2,'$2a$10$2jvRoyLgQGTBo48VltAJyuOQP6em31R80ROs08/ZiRS6kc8vLdV9q','emily_williams',1),(3,'$2a$10$ZoEjDukkvx7dI5TJWkiBSOm44VrCD2FVPERBNr7QXJTYg89FrCqAW','michael_1988',1),(4,'$2a$10$sYt82QCuag.IatQJy4RJyeXlw9d9gd8yT9hK.it9T2KBOqQA9MpgO','sarah_jones24',1),(5,'$2a$10$7cskEp6aMrOQou7NzPfxg.YMvl.wcAAmS2k.HxtNXGqp76PCYNok.','david_brown',1),(6,'$2a$10$R4N7Fq93JrskccxeQt4z8e2B2QcfL3u2VqKLmqkzx4VmIPspg7Pwm','jessica_clark',1),(7,'$2a$10$g1cq81RYZVUGT0XB4mwDWu/YFX3qt2MeqU/7UGLgWvagDhSoCrO8G','william_miller',1),(8,'$2a$10$aznppH2D8V29oOJJWeXKNOqVdEM7Xf7Zz.Mk85VIS5G4rHW9USAqO','olivia_1995',1),(9,'$2a$10$lx/9IFqoX0rJyu0Zd4j0.eogyZHYLOBzZlcuIrf6jGP5WNZmJ/4dq','daniel_92',1),(10,'$2a$10$3pzBQX3PGdjtPpXRukltOuvTDm9YomkLBBMLVinTu8SpyBLyS6ucC','sophia_hall',1),(11,'$2a$10$wl416yOoQk6aTywv1fXC0u2Vx6nY4RX0.s9zAiW999GDHaAxbSuhS','james_king',1),(12,'$2a$10$vIwkJuT2Mc/wpOUMbD6sGuTAXeqLocav.P82ez3yd2ZygxfZJywxm','mary_adams',1),(13,'$2a$10$9W./oCIacnNbv2zElayoZ.fwZ6xNpKfgUqIjmPtT4gA0lVBGQbmbG','charlotte_lee',1),(14,'$2a$10$SAn82bE1BEaH5wPzXUHCcuBQ96oSKw9mu49HgvwoULV5vB10OhIfO','lucas_1001',1),(15,'$2a$10$JNsyKoDG0WeIb0JQ.aRzn.Bk4xJH.FgF6azd/d9K3cPE0HTf3uc/C','emma_roberts',1),(16,'$2a$10$F3d9hSa7O4xEzelQdYtZx.Pgl0yNG1X8BgdiwBgRRyRCnO1nKeXfS','jacob_johnson',1),(17,'$2a$10$5vm4csCgNuD7c2d56JC1D.DaIpYb./l4El/657G8t3h2m19VP4bqq','matthew_baker',1),(18,'$2a$10$psSrrJbTiSxQ9ywABFcs1ORIHbso0a0hPlG3M4xPd/tkR0nyvga.2','isabella_wright',1),(19,'$2a$10$bxT.l6ZBJGniMGIRKeZkM.r950ClgAA/jXn7NXT3DOAPMvJVzxZsq','ryan_2000',1),(20,'$2a$10$2vuGMjWgBA1/TBAwLYx9eeOxAKtS7FztV/.OqjxagQfFSLK0.8C1.','lily_stevens',1),(21,'$2a$10$Q19ojSPH9RtIZXfr7QNxiOVEhZLCad6jVu9FXmuNkSYhZY6oXlNPW','alex_1994',1),(22,'$2a$10$piNF5EKrGwlAW5Rymlkf9OQ0dEBVUGEgrME8iLRCiTJSxRvOcdrlK','sofia_harris',1),(23,'$2a$10$UQWK2cciMISzwCsCNTKz9OxfmHdZaxirTiAzRxVNcjV3ngNkqYBhG','mason_moore',1),(24,'$2a$10$KjJfzPUpuAjRuZK0M2sgVOkAm6OKl91owbxRnlU82tWyZzEOweOfW','grace_white',1),(25,'$2a$10$T.vG6gaWUnXMKxt6z6ArLeZipovQ/1PnwQX4Fmo4ItIw/tqiNCG1S','jackson_lee',1),(26,'$2a$10$Ws/k4ionWVhGSihb7XaRtObZZ4V4i1EnvTyrcuwuS7jnj2A0r8BK.','harper_23',1),(27,'$2a$10$ncC8p/IuabevHBNa7iU90OK6MG11AKezmeREQOq.HhJGm93SBfGZ6','oliver_davis',1),(28,'$2a$10$4LRs/lMFykSUNWT6VSW/Ye8EiMIxoY6XSBRNzrPVCTlh2AvpRhe/e','ella_king',1),(29,'$2a$10$r0XSDJSoyRODTD4ys6Zw9O15.t/neB4MrwAQCnLgndWi6AZLULrz.','lucy_smith',1),(30,'$2a$10$LDEUHeA5eoDPttMRqCiJVeZTQcnp6BoysdhKunLBwVKiK2wfJ627S','ethan_1987',1),(31,'$2a$10$AbtxHEhV73TzPMGOe8AI8.isVskSfiyfI4re4/MZY.xNeSMax.cCG','zoe_morris',1),(32,'$2a$10$Fbf6z.DG/kzeTx./tH6pN.b5ScDl1x9DsZbZ0fAfQyeDh685/egKe','aiden_james',1),(33,'$2a$10$Oqoy3uGmUNaEv6Krnp/dcu2d9kilv1kam.rv3PG1mP474vAlMUDhu','madison_perez',1),(34,'$2a$10$erGSZJIYzrRqJuQyC413s.J.NuMWyb.rBwhS7Z09rc4DeCwAxib/i','jack_2001',1),(35,'$2a$10$ojM/Bs.fjd4SOcr2dC0tZeRLCD35SqkKK29dhBxVDelRIvTxHLy26','ella_brooks',1),(36,'$2a$10$ODaHx4K8tXtoEOplKlvQ8.csuQLEWWhvv/QBZdYhXhNMvzAHYcZvK','sean_thompson',1),(37,'$2a$10$h6x.FAn0fEOYJCH233/dJunuQcz7okOWq2rgO54pzA8LTO.NIV2tq','mia_white',1),(38,'$2a$10$ZQ6V2r5zu.bJdamhZOP9xOa3FElLzfUAj7f31I0gtKrABLx4ja5j.','noah_89',1),(39,'$2a$10$gY.tQiSWx/iaeLYTQbBk1u.BIFAT.Cc92o47TnAliABB6BcAmF0xa','nathan_wilson',1),(40,'$2a$10$xL5KHC01XwlMNDdufscz2O9ZQY/9i3LGLtN.1XTBZjaqCzDqjNKg6','lily_28',1),(41,'$2a$10$0YoSmnS1xM5W2Jo5AwsVYeiv8xHzmI9FNvr9BNEn1fhyg6cgGjzvi','lucas_987',1),(42,'$2a$10$vStTksdMjldLVipnN7ga3u40Qd0EA6YndLkIBVkztdAd3cXb34L5e','clara_jackson',1),(43,'$2a$10$TpsPSO5oBbnXZoGE0FtE4.u.PiohVSznoUHHYz.BpgDJ6BENqrQr2','evan_martinez',1),(44,'$2a$10$XW8OpnzmGvFUpaVR.kbemebxkPdtj9sJd6VUmb2oDZw6WqxJ.bOpm','olivia_86',1),(45,'$2a$10$k5uhrRKh7Vh8u/U9DbITh.Pp4pZlCLG6nhHL1kx2/qX1ha69FK8Mu','logan_clark',1),(46,'$2a$10$gG6EDikit5DkpBwmBQO/fO863.MYDokkist9lNXCPPbopNnd.CzHq','chloe_1999',1),(47,'$2a$10$m7rqPHFDD.DQsiwHx7CA2eHu7S3Sre9J.B0T78u12dKjpy/iPsLUC','daniel_smith',1),(48,'$2a$10$K/COZcRUV1mXtDPkC5qm7OnP7ICFAcP36IUifIIL70U7qppowvnbi','ella_99',1),(49,'$2a$10$5r40yRpvK4rpX2UcdyDXeO6NtFWPkJ.B2nDOotGl.k5WcS3phcnb6','benjamin_1993',1),(50,'$2a$10$Za83LXIMzX7iK/vMVcYU9OZfJsucG5aZ.Wte76YUrG/NXx2cLSdu.','sophie_brown',1),(51,'$2a$10$mfnfrhPkx91DxLLt/jX4dOvfWgjGj6TGS1FXAsmTG4wXftMCcsWLy','sebastian_33',1),(52,'$2a$10$dBfLCKJn6kigxETJ6bw19.nqlG5Q/3xDWH8rJDtrd5M.c35.8/SMK','victoria_88',1),(53,'$2a$10$0z2w7VK52Ay9JbNIXo0YCu3jbVoJH3K.z/Qd9E0dVt1axDXr.2Zrm','elizabeth_james',1),(54,'$2a$10$fHCWfTljpDpOKHZmpyrhi.u7zxslTYg.VtgADxhPTu9oUbUrQ3Tfa','victor_72',1),(55,'$2a$10$Yt/pTUDAbz0VYX0H2xx7TOJbx.FMUXwS1S0a3T7EQOzZ4/jGd06wq','maria_84',1),(56,'$2a$10$JinHlbAXb.EH0MNpKrxLq.U9DT3PTKr4/tV34MRpv7wxoxG5SdVTq','lucy_2010',1),(57,'$2a$10$HhLwxQF32yZlTLjW/SPIte1gCziXFIyt7w5iGhuNC76vZtPEa0rqK','michael_smith',1),(58,'$2a$10$ZxZz726QkC4Z9cw.MAHeLep3VW39XLauGLh35tiu6XLG0jcXAnT3u','henry_clark',1),(59,'$2a$10$AJZzaT0mvhaSF.oZuzmHYeu1dtQOpBHSfLzmMtsMx7qLs8yj3JpHi','george_brown',1),(60,'$2a$10$0IEAYnvyQHNk846Y6CBJ4.J.XfTRygmlwbnv/px.20ZTr8VpY0U1W','ava_davis',1),(61,'$2a$10$WX.CWN.JDWUAaN/aIQNTbeweqzpF6XPlCzZcrjf7xp11GlL76Y4XS','oliver_roberts',1),(62,'$2a$10$v9pqZwYyul5sRW8uuK3NpuJeICrNo9CLVKZPhve7IqbSWGPRll4/e','evelyn_king',1),(63,'$2a$10$TP9bKCTxfjN2CadWFKWHI.UZQEKCT.R.vnx6yfV.PBR/n11073fn2','leo_thompson',1),(64,'$2a$10$reDuAaLavPIYMV7CmcczKuttCJuZODfzZa.j3VDcDSFPA4GAHwtBG','charles_89',1),(65,'$2a$10$BotsScATRqaRmRA.z3qwp..pZvqDGyXIEbBFLGUTxymgKVqeO6NoK','zoe_jackson',1),(66,'$2a$10$U7.ZKEyLjDUwCoaoLP/erOv4Mr4G4Cwl2FIOfGin1nlNFjM6DN.0S','mia_king',1),(67,'$2a$10$sITQUWMADIu6l.tr2AVoKuGlA6gBlbm2qwbnSotWdBjjrM79RAu6a','olivia_smith',1),(68,'$2a$10$Vhg.jb086/EK3y/EKfCL2.vG36kvNwJgw9d7mIVhrMpW7CRESBIcW','victor_brown',1),(69,'$2a$10$IDabNHmNZBDAY5m.CBm7i.Y4fW5fS4Yi4TfAxkgS5HwyDQ/nprOOe','julia_94',1),(70,'$2a$10$ikRQLBfcidyx.9iKzmGXzOZct.UP9BT09t/3G7pe6a/WCK8bvAh9u','grace_wilson',1),(71,'$2a$10$nmN/gIBlixd5Jn857gPKTe/DOQoEyvBF1ZdrUBQTN1U9bujc9n3B.','olivia_1990',1),(72,'$2a$10$o6ITKYX.NOleIVOq1ai3RueHjsCQHQ5E/4FTFs3yA/UZVa5nJmbzm','lucas_1965',1),(73,'$2a$10$MjIVkXIuZLjp8L944xplTOKjVpE41HA5.Q5mKU/WLL/3GsNkdASty','zoe_lee',1),(74,'$2a$10$gB9qHs04yfp0fk7TO/iMzeCMzhOhCQ0sMY4A851iWBX1PKmxIUvWG','ryan_brooks',1),(75,'$2a$10$tWidxy/BcMyqthePcw7m9u/oDfe6Ssu1S33wznlGf7089hXGbjnOG','sophia_white',1),(76,'$2a$10$/4euoxFKDFIJ1VcGw/k88.hnaz4D47ZVu50oDg14uG4vcXBxeDUP.','matthew_97',1),(77,'$2a$10$Y1.NTBFhSt0OKNCxp7keceT8tuGuPnMlWqRM5g5NG7OQ9GshiW6cu','grace_morris',1),(78,'$2a$10$tOeMIi2dmOekcB9Zb1.IZe43MSJCMejOGqOzYAG19S77Kee831XRu','george_jones',1),(79,'$2a$10$Pg4oyz3hycvAskO2/AKIY.NcwLvLnkW9RJttxgKpy3dK88Wcfep.q','henry_93',1),(80,'$2a$10$PCwyYE7uShDAl1Kwg/q2hu3op1nNcPeQ9pVFEB95zkEVlBcKjNOjO','lucy_baker',1),(81,'$2a$10$1TVNQN/6oZA67QiaQBVj.uxJq.Fe4z0/PM.jQf6g47vW0KcmKBH6y','jackson_20',1);
/*!40000 ALTER TABLE `user` ENABLE KEYS */;
UNLOCK TABLES;
/*!40103 SET TIME_ZONE=@OLD_TIME_ZONE */;

/*!40101 SET SQL_MODE=@OLD_SQL_MODE */;
/*!40014 SET FOREIGN_KEY_CHECKS=@OLD_FOREIGN_KEY_CHECKS */;
/*!40014 SET UNIQUE_CHECKS=@OLD_UNIQUE_CHECKS */;
/*!40101 SET CHARACTER_SET_CLIENT=@OLD_CHARACTER_SET_CLIENT */;
/*!40101 SET CHARACTER_SET_RESULTS=@OLD_CHARACTER_SET_RESULTS */;
/*!40101 SET COLLATION_CONNECTION=@OLD_COLLATION_CONNECTION */;
/*!40111 SET SQL_NOTES=@OLD_SQL_NOTES */;

-- Dump completed on 2025-04-02 21:56:58
